<?xml version="1.0" encoding="UTF-8"?>
<frame>
  <cameras>
    <camera camera_id="0">
      <photo path="../../../images/images/IMG_20161121_152624.jpg">
        <meta>
          <property name="Exif/ApertureValue" value="2"/>
          <property name="Exif/DateTime" value="2016:11:21 15:26:24"/>
          <property name="Exif/DateTimeOriginal" value="2016:11:21 15:26:24"/>
          <property name="Exif/ExposureTime" value="0.0588235294117647"/>
          <property name="Exif/FNumber" value="2"/>
          <property name="Exif/FocalLength" value="4.26"/>
          <property name="Exif/FocalLengthIn35mmFilm" value="25"/>
          <property name="Exif/ISOSpeedRatings" value="2500"/>
          <property name="Exif/Make" value="OnePlus"/>
          <property name="Exif/Model" value="ONEPLUS A3003"/>
          <property name="Exif/ShutterSpeedValue" value="4.058"/>
          <property name="Exif/Software" value="OnePlus3-user 6.0.1 MMB29M 26 dev-keys"/>
          <property name="File/ImageHeight" value="2610"/>
          <property name="File/ImageWidth" value="4640"/>
          <property name="System/FileModifyDate" value="2016:11:21 15:26:24"/>
          <property name="System/FileSize" value="795610"/>
        </meta>
      </photo>
    </camera>
    <camera camera_id="1">
      <photo path="../../../images/images/IMG_20161121_152627.jpg">
        <meta>
          <property name="Exif/ApertureValue" value="2"/>
          <property name="Exif/DateTime" value="2016:11:21 15:26:27"/>
          <property name="Exif/DateTimeOriginal" value="2016:11:21 15:26:27"/>
          <property name="Exif/ExposureTime" value="0.0588235294117647"/>
          <property name="Exif/FNumber" value="2"/>
          <property name="Exif/FocalLength" value="4.26"/>
          <property name="Exif/FocalLengthIn35mmFilm" value="25"/>
          <property name="Exif/ISOSpeedRatings" value="2500"/>
          <property name="Exif/Make" value="OnePlus"/>
          <property name="Exif/Model" value="ONEPLUS A3003"/>
          <property name="Exif/ShutterSpeedValue" value="4.058"/>
          <property name="Exif/Software" value="OnePlus3-user 6.0.1 MMB29M 26 dev-keys"/>
          <property name="File/ImageHeight" value="2610"/>
          <property name="File/ImageWidth" value="4640"/>
          <property name="System/FileModifyDate" value="2016:11:21 15:26:26"/>
          <property name="System/FileSize" value="724411"/>
        </meta>
      </photo>
    </camera>
    <camera camera_id="2">
      <photo path="../../../images/images/IMG_20161121_152629.jpg">
        <meta>
          <property name="Exif/ApertureValue" value="2"/>
          <property name="Exif/DateTime" value="2016:11:21 15:26:28"/>
          <property name="Exif/DateTimeOriginal" value="2016:11:21 15:26:28"/>
          <property name="Exif/ExposureTime" value="0.0588235294117647"/>
          <property name="Exif/FNumber" value="2"/>
          <property name="Exif/FocalLength" value="4.26"/>
          <property name="Exif/FocalLengthIn35mmFilm" value="25"/>
          <property name="Exif/ISOSpeedRatings" value="3200"/>
          <property name="Exif/Make" value="OnePlus"/>
          <property name="Exif/Model" value="ONEPLUS A3003"/>
          <property name="Exif/ShutterSpeedValue" value="4.058"/>
          <property name="Exif/Software" value="OnePlus3-user 6.0.1 MMB29M 26 dev-keys"/>
          <property name="File/ImageHeight" value="2610"/>
          <property name="File/ImageWidth" value="4640"/>
          <property name="System/FileModifyDate" value="2016:11:21 15:26:28"/>
          <property name="System/FileSize" value="793311"/>
        </meta>
      </photo>
    </camera>
    <camera camera_id="3">
      <photo path="../../../images/images/IMG_20161121_152630.jpg">
        <meta>
          <property name="Exif/ApertureValue" value="2"/>
          <property name="Exif/DateTime" value="2016:11:21 15:26:30"/>
          <property name="Exif/DateTimeOriginal" value="2016:11:21 15:26:30"/>
          <property name="Exif/ExposureTime" value="0.0588235294117647"/>
          <property name="Exif/FNumber" value="2"/>
          <property name="Exif/FocalLength" value="4.26"/>
          <property name="Exif/FocalLengthIn35mmFilm" value="25"/>
          <property name="Exif/ISOSpeedRatings" value="3200"/>
          <property name="Exif/Make" value="OnePlus"/>
          <property name="Exif/Model" value="ONEPLUS A3003"/>
          <property name="Exif/ShutterSpeedValue" value="4.058"/>
          <property name="Exif/Software" value="OnePlus3-user 6.0.1 MMB29M 26 dev-keys"/>
          <property name="File/ImageHeight" value="2610"/>
          <property name="File/ImageWidth" value="4640"/>
          <property name="System/FileModifyDate" value="2016:11:21 15:26:30"/>
          <property name="System/FileSize" value="766294"/>
        </meta>
      </photo>
    </camera>
    <camera camera_id="4">
      <photo path="../../../images/images/IMG_20161121_152632.jpg">
        <meta>
          <property name="Exif/ApertureValue" value="2"/>
          <property name="Exif/DateTime" value="2016:11:21 15:26:32"/>
          <property name="Exif/DateTimeOriginal" value="2016:11:21 15:26:32"/>
          <property name="Exif/ExposureTime" value="0.0588235294117647"/>
          <property name="Exif/FNumber" value="2"/>
          <property name="Exif/FocalLength" value="4.26"/>
          <property name="Exif/FocalLengthIn35mmFilm" value="25"/>
          <property name="Exif/ISOSpeedRatings" value="3200"/>
          <property name="Exif/Make" value="OnePlus"/>
          <property name="Exif/Model" value="ONEPLUS A3003"/>
          <property name="Exif/ShutterSpeedValue" value="4.058"/>
          <property name="Exif/Software" value="OnePlus3-user 6.0.1 MMB29M 26 dev-keys"/>
          <property name="File/ImageHeight" value="2610"/>
          <property name="File/ImageWidth" value="4640"/>
          <property name="System/FileModifyDate" value="2016:11:21 15:26:32"/>
          <property name="System/FileSize" value="760295"/>
        </meta>
      </photo>
    </camera>
    <camera camera_id="5">
      <photo path="../../../images/images/IMG_20161121_152634.jpg">
        <meta>
          <property name="Exif/ApertureValue" value="2"/>
          <property name="Exif/DateTime" value="2016:11:21 15:26:34"/>
          <property name="Exif/DateTimeOriginal" value="2016:11:21 15:26:34"/>
          <property name="Exif/ExposureTime" value="0.0588235294117647"/>
          <property name="Exif/FNumber" value="2"/>
          <property name="Exif/FocalLength" value="4.26"/>
          <property name="Exif/FocalLengthIn35mmFilm" value="25"/>
          <property name="Exif/ISOSpeedRatings" value="2500"/>
          <property name="Exif/Make" value="OnePlus"/>
          <property name="Exif/Model" value="ONEPLUS A3003"/>
          <property name="Exif/ShutterSpeedValue" value="4.058"/>
          <property name="Exif/Software" value="OnePlus3-user 6.0.1 MMB29M 26 dev-keys"/>
          <property name="File/ImageHeight" value="2610"/>
          <property name="File/ImageWidth" value="4640"/>
          <property name="System/FileModifyDate" value="2016:11:21 15:26:34"/>
          <property name="System/FileSize" value="692963"/>
        </meta>
      </photo>
    </camera>
    <camera camera_id="6">
      <photo path="../../../images/images/IMG_20161121_152635.jpg">
        <meta>
          <property name="Exif/ApertureValue" value="2"/>
          <property name="Exif/DateTime" value="2016:11:21 15:26:35"/>
          <property name="Exif/DateTimeOriginal" value="2016:11:21 15:26:35"/>
          <property name="Exif/ExposureTime" value="0.0588235294117647"/>
          <property name="Exif/FNumber" value="2"/>
          <property name="Exif/FocalLength" value="4.26"/>
          <property name="Exif/FocalLengthIn35mmFilm" value="25"/>
          <property name="Exif/ISOSpeedRatings" value="2500"/>
          <property name="Exif/Make" value="OnePlus"/>
          <property name="Exif/Model" value="ONEPLUS A3003"/>
          <property name="Exif/ShutterSpeedValue" value="4.058"/>
          <property name="Exif/Software" value="OnePlus3-user 6.0.1 MMB29M 26 dev-keys"/>
          <property name="File/ImageHeight" value="2610"/>
          <property name="File/ImageWidth" value="4640"/>
          <property name="System/FileModifyDate" value="2016:11:21 15:26:34"/>
          <property name="System/FileSize" value="622197"/>
        </meta>
      </photo>
    </camera>
    <camera camera_id="7">
      <photo path="../../../images/images/IMG_20161121_152638.jpg">
        <meta>
          <property name="Exif/ApertureValue" value="2"/>
          <property name="Exif/DateTime" value="2016:11:21 15:26:38"/>
          <property name="Exif/DateTimeOriginal" value="2016:11:21 15:26:38"/>
          <property name="Exif/ExposureTime" value="0.0588235294117647"/>
          <property name="Exif/FNumber" value="2"/>
          <property name="Exif/FocalLength" value="4.26"/>
          <property name="Exif/FocalLengthIn35mmFilm" value="25"/>
          <property name="Exif/ISOSpeedRatings" value="2500"/>
          <property name="Exif/Make" value="OnePlus"/>
          <property name="Exif/Model" value="ONEPLUS A3003"/>
          <property name="Exif/ShutterSpeedValue" value="4.058"/>
          <property name="Exif/Software" value="OnePlus3-user 6.0.1 MMB29M 26 dev-keys"/>
          <property name="File/ImageHeight" value="2610"/>
          <property name="File/ImageWidth" value="4640"/>
          <property name="System/FileModifyDate" value="2016:11:21 15:26:38"/>
          <property name="System/FileSize" value="1715576"/>
        </meta>
      </photo>
    </camera>
    <camera camera_id="8">
      <photo path="../../../images/images/IMG_20161121_152639.jpg">
        <meta>
          <property name="Exif/ApertureValue" value="2"/>
          <property name="Exif/DateTime" value="2016:11:21 15:26:39"/>
          <property name="Exif/DateTimeOriginal" value="2016:11:21 15:26:39"/>
          <property name="Exif/ExposureTime" value="0.0588235294117647"/>
          <property name="Exif/FNumber" value="2"/>
          <property name="Exif/FocalLength" value="4.26"/>
          <property name="Exif/FocalLengthIn35mmFilm" value="25"/>
          <property name="Exif/ISOSpeedRatings" value="2500"/>
          <property name="Exif/Make" value="OnePlus"/>
          <property name="Exif/Model" value="ONEPLUS A3003"/>
          <property name="Exif/ShutterSpeedValue" value="4.058"/>
          <property name="Exif/Software" value="OnePlus3-user 6.0.1 MMB29M 26 dev-keys"/>
          <property name="File/ImageHeight" value="2610"/>
          <property name="File/ImageWidth" value="4640"/>
          <property name="System/FileModifyDate" value="2016:11:21 15:26:38"/>
          <property name="System/FileSize" value="678709"/>
        </meta>
      </photo>
    </camera>
    <camera camera_id="9">
      <photo path="../../../images/images/IMG_20161121_152642.jpg">
        <meta>
          <property name="Exif/ApertureValue" value="2"/>
          <property name="Exif/DateTime" value="2016:11:21 15:26:42"/>
          <property name="Exif/DateTimeOriginal" value="2016:11:21 15:26:42"/>
          <property name="Exif/ExposureTime" value="0.0588235294117647"/>
          <property name="Exif/FNumber" value="2"/>
          <property name="Exif/FocalLength" value="4.26"/>
          <property name="Exif/FocalLengthIn35mmFilm" value="25"/>
          <property name="Exif/ISOSpeedRatings" value="2500"/>
          <property name="Exif/Make" value="OnePlus"/>
          <property name="Exif/Model" value="ONEPLUS A3003"/>
          <property name="Exif/ShutterSpeedValue" value="4.058"/>
          <property name="Exif/Software" value="OnePlus3-user 6.0.1 MMB29M 26 dev-keys"/>
          <property name="File/ImageHeight" value="2610"/>
          <property name="File/ImageWidth" value="4640"/>
          <property name="System/FileModifyDate" value="2016:11:21 15:26:42"/>
          <property name="System/FileSize" value="777078"/>
        </meta>
      </photo>
    </camera>
    <camera camera_id="10">
      <photo path="../../../images/images/IMG_20161121_152644.jpg">
        <meta>
          <property name="Exif/ApertureValue" value="2"/>
          <property name="Exif/DateTime" value="2016:11:21 15:26:44"/>
          <property name="Exif/DateTimeOriginal" value="2016:11:21 15:26:44"/>
          <property name="Exif/ExposureTime" value="0.0588235294117647"/>
          <property name="Exif/FNumber" value="2"/>
          <property name="Exif/FocalLength" value="4.26"/>
          <property name="Exif/FocalLengthIn35mmFilm" value="25"/>
          <property name="Exif/ISOSpeedRatings" value="3200"/>
          <property name="Exif/Make" value="OnePlus"/>
          <property name="Exif/Model" value="ONEPLUS A3003"/>
          <property name="Exif/Orientation" value="1"/>
          <property name="Exif/ShutterSpeedValue" value="4.058"/>
          <property name="Exif/Software" value="OnePlus3-user 6.0.1 MMB29M 26 dev-keys"/>
          <property name="File/ImageHeight" value="2610"/>
          <property name="File/ImageWidth" value="4640"/>
          <property name="System/FileModifyDate" value="2016:11:21 15:26:44"/>
          <property name="System/FileSize" value="1278381"/>
        </meta>
      </photo>
    </camera>
    <camera camera_id="11">
      <photo path="../../../images/images/IMG_20161121_152646.jpg">
        <meta>
          <property name="Exif/ApertureValue" value="2"/>
          <property name="Exif/DateTime" value="2016:11:21 15:26:46"/>
          <property name="Exif/DateTimeOriginal" value="2016:11:21 15:26:46"/>
          <property name="Exif/ExposureTime" value="0.0588235294117647"/>
          <property name="Exif/FNumber" value="2"/>
          <property name="Exif/FocalLength" value="4.26"/>
          <property name="Exif/FocalLengthIn35mmFilm" value="25"/>
          <property name="Exif/ISOSpeedRatings" value="3200"/>
          <property name="Exif/Make" value="OnePlus"/>
          <property name="Exif/Model" value="ONEPLUS A3003"/>
          <property name="Exif/ShutterSpeedValue" value="4.058"/>
          <property name="Exif/Software" value="OnePlus3-user 6.0.1 MMB29M 26 dev-keys"/>
          <property name="File/ImageHeight" value="2610"/>
          <property name="File/ImageWidth" value="4640"/>
          <property name="System/FileModifyDate" value="2016:11:21 15:26:46"/>
          <property name="System/FileSize" value="862393"/>
        </meta>
      </photo>
    </camera>
    <camera camera_id="12">
      <photo path="../../../images/images/IMG_20161121_152647.jpg">
        <meta>
          <property name="Exif/ApertureValue" value="2"/>
          <property name="Exif/DateTime" value="2016:11:21 15:26:47"/>
          <property name="Exif/DateTimeOriginal" value="2016:11:21 15:26:47"/>
          <property name="Exif/ExposureTime" value="0.0588235294117647"/>
          <property name="Exif/FNumber" value="2"/>
          <property name="Exif/FocalLength" value="4.26"/>
          <property name="Exif/FocalLengthIn35mmFilm" value="25"/>
          <property name="Exif/ISOSpeedRatings" value="3200"/>
          <property name="Exif/Make" value="OnePlus"/>
          <property name="Exif/Model" value="ONEPLUS A3003"/>
          <property name="Exif/Orientation" value="1"/>
          <property name="Exif/ShutterSpeedValue" value="4.058"/>
          <property name="Exif/Software" value="OnePlus3-user 6.0.1 MMB29M 26 dev-keys"/>
          <property name="File/ImageHeight" value="2610"/>
          <property name="File/ImageWidth" value="4640"/>
          <property name="System/FileModifyDate" value="2016:11:21 15:26:46"/>
          <property name="System/FileSize" value="1363243"/>
        </meta>
      </photo>
    </camera>
    <camera camera_id="13">
      <photo path="../../../images/images/IMG_20161121_152649.jpg">
        <meta>
          <property name="Exif/ApertureValue" value="2"/>
          <property name="Exif/DateTime" value="2016:11:21 15:26:49"/>
          <property name="Exif/DateTimeOriginal" value="2016:11:21 15:26:49"/>
          <property name="Exif/ExposureTime" value="0.0588235294117647"/>
          <property name="Exif/FNumber" value="2"/>
          <property name="Exif/FocalLength" value="4.26"/>
          <property name="Exif/FocalLengthIn35mmFilm" value="25"/>
          <property name="Exif/ISOSpeedRatings" value="3200"/>
          <property name="Exif/Make" value="OnePlus"/>
          <property name="Exif/Model" value="ONEPLUS A3003"/>
          <property name="Exif/Orientation" value="1"/>
          <property name="Exif/ShutterSpeedValue" value="4.058"/>
          <property name="Exif/Software" value="OnePlus3-user 6.0.1 MMB29M 26 dev-keys"/>
          <property name="File/ImageHeight" value="2610"/>
          <property name="File/ImageWidth" value="4640"/>
          <property name="System/FileModifyDate" value="2016:11:21 15:26:48"/>
          <property name="System/FileSize" value="1404424"/>
        </meta>
      </photo>
    </camera>
    <camera camera_id="14">
      <photo path="../../../images/images/IMG_20161121_152651.jpg">
        <meta>
          <property name="Exif/ApertureValue" value="2"/>
          <property name="Exif/DateTime" value="2016:11:21 15:26:51"/>
          <property name="Exif/DateTimeOriginal" value="2016:11:21 15:26:51"/>
          <property name="Exif/ExposureTime" value="0.0588235294117647"/>
          <property name="Exif/FNumber" value="2"/>
          <property name="Exif/FocalLength" value="4.26"/>
          <property name="Exif/FocalLengthIn35mmFilm" value="25"/>
          <property name="Exif/ISOSpeedRatings" value="2500"/>
          <property name="Exif/Make" value="OnePlus"/>
          <property name="Exif/Model" value="ONEPLUS A3003"/>
          <property name="Exif/ShutterSpeedValue" value="4.058"/>
          <property name="Exif/Software" value="OnePlus3-user 6.0.1 MMB29M 26 dev-keys"/>
          <property name="File/ImageHeight" value="2610"/>
          <property name="File/ImageWidth" value="4640"/>
          <property name="System/FileModifyDate" value="2016:11:21 15:26:50"/>
          <property name="System/FileSize" value="860529"/>
        </meta>
      </photo>
    </camera>
    <camera camera_id="15">
      <photo path="../../../images/images/IMG_20161121_152652.jpg">
        <meta>
          <property name="Exif/ApertureValue" value="2"/>
          <property name="Exif/DateTime" value="2016:11:21 15:26:52"/>
          <property name="Exif/DateTimeOriginal" value="2016:11:21 15:26:52"/>
          <property name="Exif/ExposureTime" value="0.0588235294117647"/>
          <property name="Exif/FNumber" value="2"/>
          <property name="Exif/FocalLength" value="4.26"/>
          <property name="Exif/FocalLengthIn35mmFilm" value="25"/>
          <property name="Exif/ISOSpeedRatings" value="2500"/>
          <property name="Exif/Make" value="OnePlus"/>
          <property name="Exif/Model" value="ONEPLUS A3003"/>
          <property name="Exif/ShutterSpeedValue" value="4.058"/>
          <property name="Exif/Software" value="OnePlus3-user 6.0.1 MMB29M 26 dev-keys"/>
          <property name="File/ImageHeight" value="2610"/>
          <property name="File/ImageWidth" value="4640"/>
          <property name="System/FileModifyDate" value="2016:11:21 15:26:52"/>
          <property name="System/FileSize" value="1396386"/>
        </meta>
      </photo>
    </camera>
    <camera camera_id="16">
      <photo path="../../../images/images/IMG_20161121_152720.jpg">
        <meta>
          <property name="Exif/ApertureValue" value="2"/>
          <property name="Exif/DateTime" value="2016:11:21 15:27:20"/>
          <property name="Exif/DateTimeOriginal" value="2016:11:21 15:27:20"/>
          <property name="Exif/ExposureTime" value="0.0588235294117647"/>
          <property name="Exif/FNumber" value="2"/>
          <property name="Exif/FocalLength" value="4.26"/>
          <property name="Exif/FocalLengthIn35mmFilm" value="25"/>
          <property name="Exif/ISOSpeedRatings" value="2500"/>
          <property name="Exif/Make" value="OnePlus"/>
          <property name="Exif/Model" value="ONEPLUS A3003"/>
          <property name="Exif/ShutterSpeedValue" value="4.058"/>
          <property name="Exif/Software" value="OnePlus3-user 6.0.1 MMB29M 26 dev-keys"/>
          <property name="File/ImageHeight" value="2610"/>
          <property name="File/ImageWidth" value="4640"/>
          <property name="System/FileModifyDate" value="2016:11:21 15:27:20"/>
          <property name="System/FileSize" value="744936"/>
        </meta>
      </photo>
    </camera>
    <camera camera_id="17">
      <photo path="../../../images/images/IMG_20161121_152721.jpg">
        <meta>
          <property name="Exif/ApertureValue" value="2"/>
          <property name="Exif/DateTime" value="2016:11:21 15:27:21"/>
          <property name="Exif/DateTimeOriginal" value="2016:11:21 15:27:21"/>
          <property name="Exif/ExposureTime" value="0.0588235294117647"/>
          <property name="Exif/FNumber" value="2"/>
          <property name="Exif/FocalLength" value="4.26"/>
          <property name="Exif/FocalLengthIn35mmFilm" value="25"/>
          <property name="Exif/ISOSpeedRatings" value="2500"/>
          <property name="Exif/Make" value="OnePlus"/>
          <property name="Exif/Model" value="ONEPLUS A3003"/>
          <property name="Exif/Orientation" value="1"/>
          <property name="Exif/ShutterSpeedValue" value="4.058"/>
          <property name="Exif/Software" value="OnePlus3-user 6.0.1 MMB29M 26 dev-keys"/>
          <property name="File/ImageHeight" value="2610"/>
          <property name="File/ImageWidth" value="4640"/>
          <property name="System/FileModifyDate" value="2016:11:21 15:27:20"/>
          <property name="System/FileSize" value="1181851"/>
        </meta>
      </photo>
    </camera>
    <camera camera_id="18">
      <photo path="../../../images/images/IMG_20161121_152724.jpg">
        <meta>
          <property name="Exif/ApertureValue" value="2"/>
          <property name="Exif/DateTime" value="2016:11:21 15:27:23"/>
          <property name="Exif/DateTimeOriginal" value="2016:11:21 15:27:23"/>
          <property name="Exif/ExposureTime" value="0.0588235294117647"/>
          <property name="Exif/FNumber" value="2"/>
          <property name="Exif/FocalLength" value="4.26"/>
          <property name="Exif/FocalLengthIn35mmFilm" value="25"/>
          <property name="Exif/ISOSpeedRatings" value="2500"/>
          <property name="Exif/Make" value="OnePlus"/>
          <property name="Exif/Model" value="ONEPLUS A3003"/>
          <property name="Exif/Orientation" value="1"/>
          <property name="Exif/ShutterSpeedValue" value="4.058"/>
          <property name="Exif/Software" value="OnePlus3-user 6.0.1 MMB29M 26 dev-keys"/>
          <property name="File/ImageHeight" value="2610"/>
          <property name="File/ImageWidth" value="4640"/>
          <property name="System/FileModifyDate" value="2016:11:21 15:27:22"/>
          <property name="System/FileSize" value="1138010"/>
        </meta>
      </photo>
    </camera>
    <camera camera_id="19">
      <photo path="../../../images/images/IMG_20161121_152724_01.jpg">
        <meta>
          <property name="Exif/ApertureValue" value="2"/>
          <property name="Exif/DateTime" value="2016:11:21 15:27:24"/>
          <property name="Exif/DateTimeOriginal" value="2016:11:21 15:27:24"/>
          <property name="Exif/ExposureTime" value="0.0588235294117647"/>
          <property name="Exif/FNumber" value="2"/>
          <property name="Exif/FocalLength" value="4.26"/>
          <property name="Exif/FocalLengthIn35mmFilm" value="25"/>
          <property name="Exif/ISOSpeedRatings" value="2500"/>
          <property name="Exif/Make" value="OnePlus"/>
          <property name="Exif/Model" value="ONEPLUS A3003"/>
          <property name="Exif/Orientation" value="1"/>
          <property name="Exif/ShutterSpeedValue" value="4.058"/>
          <property name="Exif/Software" value="OnePlus3-user 6.0.1 MMB29M 26 dev-keys"/>
          <property name="File/ImageHeight" value="2610"/>
          <property name="File/ImageWidth" value="4640"/>
          <property name="System/FileModifyDate" value="2016:11:21 15:27:24"/>
          <property name="System/FileSize" value="2214211"/>
        </meta>
      </photo>
    </camera>
    <camera camera_id="20">
      <photo path="../../../images/images/IMG_20161121_152725.jpg">
        <meta>
          <property name="Exif/ApertureValue" value="2"/>
          <property name="Exif/DateTime" value="2016:11:21 15:27:25"/>
          <property name="Exif/DateTimeOriginal" value="2016:11:21 15:27:25"/>
          <property name="Exif/ExposureTime" value="0.0588235294117647"/>
          <property name="Exif/FNumber" value="2"/>
          <property name="Exif/FocalLength" value="4.26"/>
          <property name="Exif/FocalLengthIn35mmFilm" value="25"/>
          <property name="Exif/ISOSpeedRatings" value="2500"/>
          <property name="Exif/Make" value="OnePlus"/>
          <property name="Exif/Model" value="ONEPLUS A3003"/>
          <property name="Exif/Orientation" value="1"/>
          <property name="Exif/ShutterSpeedValue" value="4.058"/>
          <property name="Exif/Software" value="OnePlus3-user 6.0.1 MMB29M 26 dev-keys"/>
          <property name="File/ImageHeight" value="2610"/>
          <property name="File/ImageWidth" value="4640"/>
          <property name="System/FileModifyDate" value="2016:11:21 15:27:24"/>
          <property name="System/FileSize" value="1155244"/>
        </meta>
      </photo>
    </camera>
    <camera camera_id="21">
      <photo path="../../../images/images/IMG_20161121_152727.jpg">
        <meta>
          <property name="Exif/ApertureValue" value="2"/>
          <property name="Exif/DateTime" value="2016:11:21 15:27:27"/>
          <property name="Exif/DateTimeOriginal" value="2016:11:21 15:27:27"/>
          <property name="Exif/ExposureTime" value="0.0588235294117647"/>
          <property name="Exif/FNumber" value="2"/>
          <property name="Exif/FocalLength" value="4.26"/>
          <property name="Exif/FocalLengthIn35mmFilm" value="25"/>
          <property name="Exif/ISOSpeedRatings" value="2500"/>
          <property name="Exif/Make" value="OnePlus"/>
          <property name="Exif/Model" value="ONEPLUS A3003"/>
          <property name="Exif/Orientation" value="1"/>
          <property name="Exif/ShutterSpeedValue" value="4.058"/>
          <property name="Exif/Software" value="OnePlus3-user 6.0.1 MMB29M 26 dev-keys"/>
          <property name="File/ImageHeight" value="2610"/>
          <property name="File/ImageWidth" value="4640"/>
          <property name="System/FileModifyDate" value="2016:11:21 15:27:26"/>
          <property name="System/FileSize" value="1399961"/>
        </meta>
      </photo>
    </camera>
    <camera camera_id="22">
      <photo path="../../../images/images/IMG_20161121_152728.jpg">
        <meta>
          <property name="Exif/ApertureValue" value="2"/>
          <property name="Exif/DateTime" value="2016:11:21 15:27:27"/>
          <property name="Exif/DateTimeOriginal" value="2016:11:21 15:27:27"/>
          <property name="Exif/ExposureTime" value="0.0588235294117647"/>
          <property name="Exif/FNumber" value="2"/>
          <property name="Exif/FocalLength" value="4.26"/>
          <property name="Exif/FocalLengthIn35mmFilm" value="25"/>
          <property name="Exif/ISOSpeedRatings" value="2500"/>
          <property name="Exif/Make" value="OnePlus"/>
          <property name="Exif/Model" value="ONEPLUS A3003"/>
          <property name="Exif/Orientation" value="1"/>
          <property name="Exif/ShutterSpeedValue" value="4.058"/>
          <property name="Exif/Software" value="OnePlus3-user 6.0.1 MMB29M 26 dev-keys"/>
          <property name="File/ImageHeight" value="2610"/>
          <property name="File/ImageWidth" value="4640"/>
          <property name="System/FileModifyDate" value="2016:11:21 15:27:26"/>
          <property name="System/FileSize" value="1242926"/>
        </meta>
      </photo>
    </camera>
    <camera camera_id="23">
      <photo path="../../../images/images/IMG_20161121_152730.jpg">
        <meta>
          <property name="Exif/ApertureValue" value="2"/>
          <property name="Exif/DateTime" value="2016:11:21 15:27:30"/>
          <property name="Exif/DateTimeOriginal" value="2016:11:21 15:27:30"/>
          <property name="Exif/ExposureTime" value="0.0588235294117647"/>
          <property name="Exif/FNumber" value="2"/>
          <property name="Exif/FocalLength" value="4.26"/>
          <property name="Exif/FocalLengthIn35mmFilm" value="25"/>
          <property name="Exif/ISOSpeedRatings" value="2500"/>
          <property name="Exif/Make" value="OnePlus"/>
          <property name="Exif/Model" value="ONEPLUS A3003"/>
          <property name="Exif/Orientation" value="1"/>
          <property name="Exif/ShutterSpeedValue" value="4.058"/>
          <property name="Exif/Software" value="OnePlus3-user 6.0.1 MMB29M 26 dev-keys"/>
          <property name="File/ImageHeight" value="2610"/>
          <property name="File/ImageWidth" value="4640"/>
          <property name="System/FileModifyDate" value="2016:11:21 15:27:30"/>
          <property name="System/FileSize" value="1067180"/>
        </meta>
      </photo>
    </camera>
    <camera camera_id="24">
      <photo path="../../../images/images/IMG_20161121_152731.jpg">
        <meta>
          <property name="Exif/ApertureValue" value="2"/>
          <property name="Exif/DateTime" value="2016:11:21 15:27:30"/>
          <property name="Exif/DateTimeOriginal" value="2016:11:21 15:27:30"/>
          <property name="Exif/ExposureTime" value="0.0588235294117647"/>
          <property name="Exif/FNumber" value="2"/>
          <property name="Exif/FocalLength" value="4.26"/>
          <property name="Exif/FocalLengthIn35mmFilm" value="25"/>
          <property name="Exif/ISOSpeedRatings" value="2000"/>
          <property name="Exif/Make" value="OnePlus"/>
          <property name="Exif/Model" value="ONEPLUS A3003"/>
          <property name="Exif/Orientation" value="1"/>
          <property name="Exif/ShutterSpeedValue" value="4.058"/>
          <property name="Exif/Software" value="OnePlus3-user 6.0.1 MMB29M 26 dev-keys"/>
          <property name="File/ImageHeight" value="2610"/>
          <property name="File/ImageWidth" value="4640"/>
          <property name="System/FileModifyDate" value="2016:11:21 15:27:30"/>
          <property name="System/FileSize" value="1232224"/>
        </meta>
      </photo>
    </camera>
    <camera camera_id="25">
      <photo path="../../../images/images/IMG_20161121_152732.jpg">
        <meta>
          <property name="Exif/ApertureValue" value="2"/>
          <property name="Exif/DateTime" value="2016:11:21 15:27:32"/>
          <property name="Exif/DateTimeOriginal" value="2016:11:21 15:27:32"/>
          <property name="Exif/ExposureTime" value="0.0588235294117647"/>
          <property name="Exif/FNumber" value="2"/>
          <property name="Exif/FocalLength" value="4.26"/>
          <property name="Exif/FocalLengthIn35mmFilm" value="25"/>
          <property name="Exif/ISOSpeedRatings" value="2500"/>
          <property name="Exif/Make" value="OnePlus"/>
          <property name="Exif/Model" value="ONEPLUS A3003"/>
          <property name="Exif/Orientation" value="1"/>
          <property name="Exif/ShutterSpeedValue" value="4.058"/>
          <property name="Exif/Software" value="OnePlus3-user 6.0.1 MMB29M 26 dev-keys"/>
          <property name="File/ImageHeight" value="2610"/>
          <property name="File/ImageWidth" value="4640"/>
          <property name="System/FileModifyDate" value="2016:11:21 15:27:32"/>
          <property name="System/FileSize" value="2175343"/>
        </meta>
      </photo>
    </camera>
    <camera camera_id="26">
      <photo path="../../../images/images/IMG_20161121_152733.jpg">
        <meta>
          <property name="Exif/ApertureValue" value="2"/>
          <property name="Exif/DateTime" value="2016:11:21 15:27:32"/>
          <property name="Exif/DateTimeOriginal" value="2016:11:21 15:27:32"/>
          <property name="Exif/ExposureTime" value="0.0588235294117647"/>
          <property name="Exif/FNumber" value="2"/>
          <property name="Exif/FocalLength" value="4.26"/>
          <property name="Exif/FocalLengthIn35mmFilm" value="25"/>
          <property name="Exif/ISOSpeedRatings" value="2500"/>
          <property name="Exif/Make" value="OnePlus"/>
          <property name="Exif/Model" value="ONEPLUS A3003"/>
          <property name="Exif/ShutterSpeedValue" value="4.058"/>
          <property name="Exif/Software" value="OnePlus3-user 6.0.1 MMB29M 26 dev-keys"/>
          <property name="File/ImageHeight" value="2610"/>
          <property name="File/ImageWidth" value="4640"/>
          <property name="System/FileModifyDate" value="2016:11:21 15:27:32"/>
          <property name="System/FileSize" value="1641355"/>
        </meta>
      </photo>
    </camera>
    <camera camera_id="27">
      <photo path="../../../images/images/IMG_20161121_152734.jpg">
        <meta>
          <property name="Exif/ApertureValue" value="2"/>
          <property name="Exif/DateTime" value="2016:11:21 15:27:34"/>
          <property name="Exif/DateTimeOriginal" value="2016:11:21 15:27:34"/>
          <property name="Exif/ExposureTime" value="0.0588235294117647"/>
          <property name="Exif/FNumber" value="2"/>
          <property name="Exif/FocalLength" value="4.26"/>
          <property name="Exif/FocalLengthIn35mmFilm" value="25"/>
          <property name="Exif/ISOSpeedRatings" value="3200"/>
          <property name="Exif/Make" value="OnePlus"/>
          <property name="Exif/Model" value="ONEPLUS A3003"/>
          <property name="Exif/Orientation" value="1"/>
          <property name="Exif/ShutterSpeedValue" value="4.058"/>
          <property name="Exif/Software" value="OnePlus3-user 6.0.1 MMB29M 26 dev-keys"/>
          <property name="File/ImageHeight" value="2610"/>
          <property name="File/ImageWidth" value="4640"/>
          <property name="System/FileModifyDate" value="2016:11:21 15:27:34"/>
          <property name="System/FileSize" value="1678799"/>
        </meta>
      </photo>
    </camera>
    <camera camera_id="28">
      <photo path="../../../images/images/IMG_20161121_152735.jpg">
        <meta>
          <property name="Exif/ApertureValue" value="2"/>
          <property name="Exif/DateTime" value="2016:11:21 15:27:35"/>
          <property name="Exif/DateTimeOriginal" value="2016:11:21 15:27:35"/>
          <property name="Exif/ExposureTime" value="0.0588235294117647"/>
          <property name="Exif/FNumber" value="2"/>
          <property name="Exif/FocalLength" value="4.26"/>
          <property name="Exif/FocalLengthIn35mmFilm" value="25"/>
          <property name="Exif/ISOSpeedRatings" value="3200"/>
          <property name="Exif/Make" value="OnePlus"/>
          <property name="Exif/Model" value="ONEPLUS A3003"/>
          <property name="Exif/ShutterSpeedValue" value="4.058"/>
          <property name="Exif/Software" value="OnePlus3-user 6.0.1 MMB29M 26 dev-keys"/>
          <property name="File/ImageHeight" value="2610"/>
          <property name="File/ImageWidth" value="4640"/>
          <property name="System/FileModifyDate" value="2016:11:21 15:27:34"/>
          <property name="System/FileSize" value="1542335"/>
        </meta>
      </photo>
    </camera>
    <camera camera_id="29">
      <photo path="../../../images/images/IMG_20161121_152737.jpg">
        <meta>
          <property name="Exif/ApertureValue" value="2"/>
          <property name="Exif/DateTime" value="2016:11:21 15:27:37"/>
          <property name="Exif/DateTimeOriginal" value="2016:11:21 15:27:37"/>
          <property name="Exif/ExposureTime" value="0.0588235294117647"/>
          <property name="Exif/FNumber" value="2"/>
          <property name="Exif/FocalLength" value="4.26"/>
          <property name="Exif/FocalLengthIn35mmFilm" value="25"/>
          <property name="Exif/ISOSpeedRatings" value="3200"/>
          <property name="Exif/Make" value="OnePlus"/>
          <property name="Exif/Model" value="ONEPLUS A3003"/>
          <property name="Exif/Orientation" value="1"/>
          <property name="Exif/ShutterSpeedValue" value="4.058"/>
          <property name="Exif/Software" value="OnePlus3-user 6.0.1 MMB29M 26 dev-keys"/>
          <property name="File/ImageHeight" value="2610"/>
          <property name="File/ImageWidth" value="4640"/>
          <property name="System/FileModifyDate" value="2016:11:21 15:27:36"/>
          <property name="System/FileSize" value="1223405"/>
        </meta>
      </photo>
    </camera>
    <camera camera_id="30">
      <photo path="../../../images/images/IMG_20161121_152855.jpg">
        <meta>
          <property name="Exif/ApertureValue" value="2"/>
          <property name="Exif/DateTime" value="2016:11:21 15:28:54"/>
          <property name="Exif/DateTimeOriginal" value="2016:11:21 15:28:54"/>
          <property name="Exif/ExposureTime" value="0.0588235294117647"/>
          <property name="Exif/FNumber" value="2"/>
          <property name="Exif/FocalLength" value="4.26"/>
          <property name="Exif/FocalLengthIn35mmFilm" value="25"/>
          <property name="Exif/ISOSpeedRatings" value="2000"/>
          <property name="Exif/Make" value="OnePlus"/>
          <property name="Exif/Model" value="ONEPLUS A3003"/>
          <property name="Exif/Orientation" value="1"/>
          <property name="Exif/ShutterSpeedValue" value="4.058"/>
          <property name="Exif/Software" value="OnePlus3-user 6.0.1 MMB29M 26 dev-keys"/>
          <property name="File/ImageHeight" value="2610"/>
          <property name="File/ImageWidth" value="4640"/>
          <property name="System/FileModifyDate" value="2016:11:21 15:28:54"/>
          <property name="System/FileSize" value="1374243"/>
        </meta>
      </photo>
    </camera>
    <camera camera_id="31">
      <photo path="../../../images/images/IMG_20161121_152857.jpg">
        <meta>
          <property name="Exif/ApertureValue" value="2"/>
          <property name="Exif/DateTime" value="2016:11:21 15:28:57"/>
          <property name="Exif/DateTimeOriginal" value="2016:11:21 15:28:57"/>
          <property name="Exif/ExposureTime" value="0.0588235294117647"/>
          <property name="Exif/FNumber" value="2"/>
          <property name="Exif/FocalLength" value="4.26"/>
          <property name="Exif/FocalLengthIn35mmFilm" value="25"/>
          <property name="Exif/ISOSpeedRatings" value="2500"/>
          <property name="Exif/Make" value="OnePlus"/>
          <property name="Exif/Model" value="ONEPLUS A3003"/>
          <property name="Exif/Orientation" value="1"/>
          <property name="Exif/ShutterSpeedValue" value="4.058"/>
          <property name="Exif/Software" value="OnePlus3-user 6.0.1 MMB29M 26 dev-keys"/>
          <property name="File/ImageHeight" value="2610"/>
          <property name="File/ImageWidth" value="4640"/>
          <property name="System/FileModifyDate" value="2016:11:21 15:28:56"/>
          <property name="System/FileSize" value="1295046"/>
        </meta>
      </photo>
    </camera>
    <camera camera_id="32">
      <photo path="../../../images/images/IMG_20161121_152901.jpg">
        <meta>
          <property name="Exif/ApertureValue" value="2"/>
          <property name="Exif/DateTime" value="2016:11:21 15:29:00"/>
          <property name="Exif/DateTimeOriginal" value="2016:11:21 15:29:00"/>
          <property name="Exif/ExposureTime" value="0.0588235294117647"/>
          <property name="Exif/FNumber" value="2"/>
          <property name="Exif/FocalLength" value="4.26"/>
          <property name="Exif/FocalLengthIn35mmFilm" value="25"/>
          <property name="Exif/ISOSpeedRatings" value="3200"/>
          <property name="Exif/Make" value="OnePlus"/>
          <property name="Exif/Model" value="ONEPLUS A3003"/>
          <property name="Exif/Orientation" value="1"/>
          <property name="Exif/ShutterSpeedValue" value="4.058"/>
          <property name="Exif/Software" value="OnePlus3-user 6.0.1 MMB29M 26 dev-keys"/>
          <property name="File/ImageHeight" value="2610"/>
          <property name="File/ImageWidth" value="4640"/>
          <property name="System/FileModifyDate" value="2016:11:21 15:29:00"/>
          <property name="System/FileSize" value="1404105"/>
        </meta>
      </photo>
    </camera>
    <camera camera_id="33">
      <photo path="../../../images/images/IMG_20161121_152902.jpg">
        <meta>
          <property name="Exif/ApertureValue" value="2"/>
          <property name="Exif/DateTime" value="2016:11:21 15:29:02"/>
          <property name="Exif/DateTimeOriginal" value="2016:11:21 15:29:02"/>
          <property name="Exif/ExposureTime" value="0.0588235294117647"/>
          <property name="Exif/FNumber" value="2"/>
          <property name="Exif/FocalLength" value="4.26"/>
          <property name="Exif/FocalLengthIn35mmFilm" value="25"/>
          <property name="Exif/ISOSpeedRatings" value="3200"/>
          <property name="Exif/Make" value="OnePlus"/>
          <property name="Exif/Model" value="ONEPLUS A3003"/>
          <property name="Exif/Orientation" value="1"/>
          <property name="Exif/ShutterSpeedValue" value="4.058"/>
          <property name="Exif/Software" value="OnePlus3-user 6.0.1 MMB29M 26 dev-keys"/>
          <property name="File/ImageHeight" value="2610"/>
          <property name="File/ImageWidth" value="4640"/>
          <property name="System/FileModifyDate" value="2016:11:21 15:29:02"/>
          <property name="System/FileSize" value="1440531"/>
        </meta>
      </photo>
    </camera>
    <camera camera_id="34">
      <photo path="../../../images/images/IMG_20161121_152904.jpg">
        <meta>
          <property name="Exif/ApertureValue" value="2"/>
          <property name="Exif/DateTime" value="2016:11:21 15:29:04"/>
          <property name="Exif/DateTimeOriginal" value="2016:11:21 15:29:04"/>
          <property name="Exif/ExposureTime" value="0.0588235294117647"/>
          <property name="Exif/FNumber" value="2"/>
          <property name="Exif/FocalLength" value="4.26"/>
          <property name="Exif/FocalLengthIn35mmFilm" value="25"/>
          <property name="Exif/ISOSpeedRatings" value="2000"/>
          <property name="Exif/Make" value="OnePlus"/>
          <property name="Exif/Model" value="ONEPLUS A3003"/>
          <property name="Exif/Orientation" value="1"/>
          <property name="Exif/ShutterSpeedValue" value="4.058"/>
          <property name="Exif/Software" value="OnePlus3-user 6.0.1 MMB29M 26 dev-keys"/>
          <property name="File/ImageHeight" value="2610"/>
          <property name="File/ImageWidth" value="4640"/>
          <property name="System/FileModifyDate" value="2016:11:21 15:29:04"/>
          <property name="System/FileSize" value="1354853"/>
        </meta>
      </photo>
    </camera>
    <camera camera_id="35">
      <photo path="../../../images/images/IMG_20161121_152906.jpg">
        <meta>
          <property name="Exif/ApertureValue" value="2"/>
          <property name="Exif/DateTime" value="2016:11:21 15:29:06"/>
          <property name="Exif/DateTimeOriginal" value="2016:11:21 15:29:06"/>
          <property name="Exif/ExposureTime" value="0.0588235294117647"/>
          <property name="Exif/FNumber" value="2"/>
          <property name="Exif/FocalLength" value="4.26"/>
          <property name="Exif/FocalLengthIn35mmFilm" value="25"/>
          <property name="Exif/ISOSpeedRatings" value="2000"/>
          <property name="Exif/Make" value="OnePlus"/>
          <property name="Exif/Model" value="ONEPLUS A3003"/>
          <property name="Exif/Orientation" value="1"/>
          <property name="Exif/ShutterSpeedValue" value="4.058"/>
          <property name="Exif/Software" value="OnePlus3-user 6.0.1 MMB29M 26 dev-keys"/>
          <property name="File/ImageHeight" value="2610"/>
          <property name="File/ImageWidth" value="4640"/>
          <property name="System/FileModifyDate" value="2016:11:21 15:29:06"/>
          <property name="System/FileSize" value="1151308"/>
        </meta>
      </photo>
    </camera>
    <camera camera_id="36">
      <photo path="../../../images/images/IMG_20161121_152909.jpg">
        <meta>
          <property name="Exif/ApertureValue" value="2"/>
          <property name="Exif/DateTime" value="2016:11:21 15:29:09"/>
          <property name="Exif/DateTimeOriginal" value="2016:11:21 15:29:09"/>
          <property name="Exif/ExposureTime" value="0.0588235294117647"/>
          <property name="Exif/FNumber" value="2"/>
          <property name="Exif/FocalLength" value="4.26"/>
          <property name="Exif/FocalLengthIn35mmFilm" value="25"/>
          <property name="Exif/ISOSpeedRatings" value="2500"/>
          <property name="Exif/Make" value="OnePlus"/>
          <property name="Exif/Model" value="ONEPLUS A3003"/>
          <property name="Exif/Orientation" value="1"/>
          <property name="Exif/ShutterSpeedValue" value="4.058"/>
          <property name="Exif/Software" value="OnePlus3-user 6.0.1 MMB29M 26 dev-keys"/>
          <property name="File/ImageHeight" value="2610"/>
          <property name="File/ImageWidth" value="4640"/>
          <property name="System/FileModifyDate" value="2016:11:21 15:29:08"/>
          <property name="System/FileSize" value="1214861"/>
        </meta>
      </photo>
    </camera>
    <camera camera_id="37">
      <photo path="../../../images/images/IMG_20161121_152911.jpg">
        <meta>
          <property name="Exif/ApertureValue" value="2"/>
          <property name="Exif/DateTime" value="2016:11:21 15:29:11"/>
          <property name="Exif/DateTimeOriginal" value="2016:11:21 15:29:11"/>
          <property name="Exif/ExposureTime" value="0.0588235294117647"/>
          <property name="Exif/FNumber" value="2"/>
          <property name="Exif/FocalLength" value="4.26"/>
          <property name="Exif/FocalLengthIn35mmFilm" value="25"/>
          <property name="Exif/ISOSpeedRatings" value="2500"/>
          <property name="Exif/Make" value="OnePlus"/>
          <property name="Exif/Model" value="ONEPLUS A3003"/>
          <property name="Exif/Orientation" value="1"/>
          <property name="Exif/ShutterSpeedValue" value="4.058"/>
          <property name="Exif/Software" value="OnePlus3-user 6.0.1 MMB29M 26 dev-keys"/>
          <property name="File/ImageHeight" value="2610"/>
          <property name="File/ImageWidth" value="4640"/>
          <property name="System/FileModifyDate" value="2016:11:21 15:29:10"/>
          <property name="System/FileSize" value="1155835"/>
        </meta>
      </photo>
    </camera>
    <camera camera_id="38">
      <photo path="../../../images/images/IMG_20161121_152914.jpg">
        <meta>
          <property name="Exif/ApertureValue" value="2"/>
          <property name="Exif/DateTime" value="2016:11:21 15:29:13"/>
          <property name="Exif/DateTimeOriginal" value="2016:11:21 15:29:13"/>
          <property name="Exif/ExposureTime" value="0.0588235294117647"/>
          <property name="Exif/FNumber" value="2"/>
          <property name="Exif/FocalLength" value="4.26"/>
          <property name="Exif/FocalLengthIn35mmFilm" value="25"/>
          <property name="Exif/ISOSpeedRatings" value="3200"/>
          <property name="Exif/Make" value="OnePlus"/>
          <property name="Exif/Model" value="ONEPLUS A3003"/>
          <property name="Exif/Orientation" value="1"/>
          <property name="Exif/ShutterSpeedValue" value="4.058"/>
          <property name="Exif/Software" value="OnePlus3-user 6.0.1 MMB29M 26 dev-keys"/>
          <property name="File/ImageHeight" value="2610"/>
          <property name="File/ImageWidth" value="4640"/>
          <property name="System/FileModifyDate" value="2016:11:21 15:29:12"/>
          <property name="System/FileSize" value="1316324"/>
        </meta>
      </photo>
    </camera>
    <camera camera_id="39">
      <photo path="../../../images/images/IMG_20161121_152914_01.jpg">
        <meta>
          <property name="Exif/ApertureValue" value="2"/>
          <property name="Exif/DateTime" value="2016:11:21 15:29:14"/>
          <property name="Exif/DateTimeOriginal" value="2016:11:21 15:29:14"/>
          <property name="Exif/ExposureTime" value="0.0588235294117647"/>
          <property name="Exif/FNumber" value="2"/>
          <property name="Exif/FocalLength" value="4.26"/>
          <property name="Exif/FocalLengthIn35mmFilm" value="25"/>
          <property name="Exif/ISOSpeedRatings" value="3200"/>
          <property name="Exif/Make" value="OnePlus"/>
          <property name="Exif/Model" value="ONEPLUS A3003"/>
          <property name="Exif/Orientation" value="1"/>
          <property name="Exif/ShutterSpeedValue" value="4.058"/>
          <property name="Exif/Software" value="OnePlus3-user 6.0.1 MMB29M 26 dev-keys"/>
          <property name="File/ImageHeight" value="2610"/>
          <property name="File/ImageWidth" value="4640"/>
          <property name="System/FileModifyDate" value="2016:11:21 15:29:14"/>
          <property name="System/FileSize" value="2237315"/>
        </meta>
      </photo>
    </camera>
    <camera camera_id="40">
      <photo path="../../../images/images/IMG_20161121_152915.jpg">
        <meta>
          <property name="Exif/ApertureValue" value="2"/>
          <property name="Exif/DateTime" value="2016:11:21 15:29:15"/>
          <property name="Exif/DateTimeOriginal" value="2016:11:21 15:29:15"/>
          <property name="Exif/ExposureTime" value="0.0588235294117647"/>
          <property name="Exif/FNumber" value="2"/>
          <property name="Exif/FocalLength" value="4.26"/>
          <property name="Exif/FocalLengthIn35mmFilm" value="25"/>
          <property name="Exif/ISOSpeedRatings" value="3200"/>
          <property name="Exif/Make" value="OnePlus"/>
          <property name="Exif/Model" value="ONEPLUS A3003"/>
          <property name="Exif/ShutterSpeedValue" value="4.058"/>
          <property name="Exif/Software" value="OnePlus3-user 6.0.1 MMB29M 26 dev-keys"/>
          <property name="File/ImageHeight" value="1152"/>
          <property name="File/ImageWidth" value="2048"/>
          <property name="System/FileModifyDate" value="2016:11:21 15:29:14"/>
          <property name="System/FileSize" value="172192"/>
        </meta>
      </photo>
    </camera>
  </cameras>
  <thumbnails path="thumbnails/thumbnails.zip"/>
  <point_cloud path="point_cloud/point_cloud.zip"/>
  <depth_maps path="depth_maps/depth_maps.zip"/>
  <dense_cloud path="dense_cloud/dense_cloud.zip"/>
</frame>
