<?xml version="1.0" encoding="UTF-8"?>
<point_cloud version="1.2.0">
  <tracks path="tracks.ply" count="15173"/>
  <points path="points.ply" count="5501"/>
  <projections camera_id="0" path="p0.ply" count="2457"/>
  <projections camera_id="1" path="p1.ply" count="2434"/>
  <projections camera_id="2" path="p2.ply" count="2500"/>
  <projections camera_id="3" path="p3.ply" count="2079"/>
  <projections camera_id="4" path="p4.ply" count="1532"/>
  <projections camera_id="5" path="p5.ply" count="656"/>
  <projections camera_id="6" path="p6.ply" count="647"/>
  <projections camera_id="7" path="p7.ply" count="24"/>
  <projections camera_id="8" path="p8.ply" count="852"/>
  <projections camera_id="9" path="p9.ply" count="1569"/>
  <projections camera_id="10" path="p10.ply" count="2158"/>
  <projections camera_id="11" path="p11.ply" count="1042"/>
  <projections camera_id="12" path="p12.ply" count="931"/>
  <projections camera_id="13" path="p13.ply" count="1003"/>
  <projections camera_id="14" path="p14.ply" count="577"/>
  <projections camera_id="15" path="p15.ply" count="190"/>
  <projections camera_id="16" path="p16.ply" count="537"/>
  <projections camera_id="17" path="p17.ply" count="1760"/>
  <projections camera_id="18" path="p18.ply" count="1598"/>
  <projections camera_id="19" path="p19.ply" count="94"/>
  <projections camera_id="20" path="p20.ply" count="648"/>
  <projections camera_id="21" path="p21.ply" count="472"/>
  <projections camera_id="22" path="p22.ply" count="577"/>
  <projections camera_id="23" path="p23.ply" count="1425"/>
  <projections camera_id="24" path="p24.ply" count="297"/>
  <projections camera_id="25" path="p25.ply" count="180"/>
  <projections camera_id="26" path="p26.ply" count="66"/>
  <projections camera_id="27" path="p27.ply" count="352"/>
  <projections camera_id="28" path="p28.ply" count="619"/>
  <projections camera_id="29" path="p29.ply" count="1042"/>
  <projections camera_id="30" path="p30.ply" count="1238"/>
  <projections camera_id="31" path="p31.ply" count="1218"/>
  <projections camera_id="32" path="p32.ply" count="2106"/>
  <projections camera_id="33" path="p33.ply" count="1972"/>
  <projections camera_id="34" path="p34.ply" count="1294"/>
  <projections camera_id="35" path="p35.ply" count="1565"/>
  <projections camera_id="36" path="p36.ply" count="1369"/>
  <projections camera_id="37" path="p37.ply" count="1160"/>
  <projections camera_id="38" path="p38.ply" count="1504"/>
  <projections camera_id="40" path="p40.ply" count="1384"/>
  <meta>
    <property name="match/duration" value="415.823628"/>
    <property name="match/match_downscale" value="0"/>
    <property name="match/match_filter_mask" value="false"/>
    <property name="match/match_point_limit" value="40000"/>
    <property name="match/match_select_pairs" value="1"/>
    <property name="match/match_tiepoint_limit" value="4000"/>
  </meta>
</point_cloud>
