<?xml version="1.0" encoding="UTF-8"?>
<point_cloud version="1.2.0">
  <tracks path="tracks.ply" count="81661"/>
  <points path="points.ply" count="69072"/>
  <projections camera_id="0" path="p0.ply" count="3518"/>
  <projections camera_id="1" path="p1.ply" count="3412"/>
  <projections camera_id="2" path="p2.ply" count="3867"/>
  <projections camera_id="3" path="p3.ply" count="3376"/>
  <projections camera_id="4" path="p4.ply" count="1706"/>
  <projections camera_id="5" path="p5.ply" count="3420"/>
  <projections camera_id="6" path="p6.ply" count="659"/>
  <projections camera_id="7" path="p7.ply" count="4023"/>
  <projections camera_id="8" path="p8.ply" count="4017"/>
  <projections camera_id="9" path="p9.ply" count="4118"/>
  <projections camera_id="10" path="p10.ply" count="4525"/>
  <projections camera_id="11" path="p11.ply" count="4209"/>
  <projections camera_id="12" path="p12.ply" count="4022"/>
  <projections camera_id="13" path="p13.ply" count="2185"/>
  <projections camera_id="14" path="p14.ply" count="2674"/>
  <projections camera_id="15" path="p15.ply" count="2134"/>
  <projections camera_id="16" path="p16.ply" count="1619"/>
  <projections camera_id="17" path="p17.ply" count="2588"/>
  <projections camera_id="18" path="p18.ply" count="2756"/>
  <projections camera_id="19" path="p19.ply" count="1958"/>
  <projections camera_id="20" path="p20.ply" count="3257"/>
  <projections camera_id="21" path="p21.ply" count="2657"/>
  <projections camera_id="22" path="p22.ply" count="2828"/>
  <projections camera_id="23" path="p23.ply" count="1751"/>
  <projections camera_id="24" path="p24.ply" count="3923"/>
  <projections camera_id="25" path="p25.ply" count="1890"/>
  <projections camera_id="26" path="p26.ply" count="3545"/>
  <projections camera_id="27" path="p27.ply" count="3760"/>
  <projections camera_id="28" path="p28.ply" count="3526"/>
  <projections camera_id="29" path="p29.ply" count="2352"/>
  <projections camera_id="30" path="p30.ply" count="4207"/>
  <projections camera_id="31" path="p31.ply" count="2852"/>
  <projections camera_id="32" path="p32.ply" count="4005"/>
  <projections camera_id="33" path="p33.ply" count="4998"/>
  <projections camera_id="34" path="p34.ply" count="3871"/>
  <projections camera_id="35" path="p35.ply" count="2095"/>
  <projections camera_id="36" path="p36.ply" count="4349"/>
  <projections camera_id="37" path="p37.ply" count="4032"/>
  <projections camera_id="38" path="p38.ply" count="2708"/>
  <projections camera_id="39" path="p39.ply" count="2174"/>
  <projections camera_id="40" path="p40.ply" count="2782"/>
  <projections camera_id="41" path="p41.ply" count="2520"/>
  <projections camera_id="42" path="p42.ply" count="2417"/>
  <projections camera_id="43" path="p43.ply" count="1396"/>
  <projections camera_id="44" path="p44.ply" count="1711"/>
  <projections camera_id="45" path="p45.ply" count="2991"/>
  <projections camera_id="46" path="p46.ply" count="2296"/>
  <projections camera_id="47" path="p47.ply" count="2014"/>
  <projections camera_id="48" path="p48.ply" count="2018"/>
  <projections camera_id="49" path="p49.ply" count="1476"/>
  <projections camera_id="50" path="p50.ply" count="369"/>
  <projections camera_id="51" path="p51.ply" count="3251"/>
  <projections camera_id="52" path="p52.ply" count="2581"/>
  <projections camera_id="53" path="p53.ply" count="3269"/>
  <projections camera_id="54" path="p54.ply" count="4384"/>
  <projections camera_id="55" path="p55.ply" count="4009"/>
  <projections camera_id="56" path="p56.ply" count="2730"/>
  <projections camera_id="57" path="p57.ply" count="3843"/>
  <projections camera_id="58" path="p58.ply" count="4001"/>
  <projections camera_id="59" path="p59.ply" count="4259"/>
  <projections camera_id="60" path="p60.ply" count="4008"/>
  <projections camera_id="61" path="p61.ply" count="4022"/>
  <projections camera_id="62" path="p62.ply" count="2081"/>
  <projections camera_id="63" path="p63.ply" count="3036"/>
  <projections camera_id="64" path="p64.ply" count="2331"/>
  <projections camera_id="65" path="p65.ply" count="967"/>
  <projections camera_id="66" path="p66.ply" count="275"/>
  <projections camera_id="67" path="p67.ply" count="725"/>
  <projections camera_id="69" path="p69.ply" count="3005"/>
  <projections camera_id="70" path="p70.ply" count="3420"/>
  <projections camera_id="71" path="p71.ply" count="2839"/>
  <projections camera_id="72" path="p72.ply" count="3997"/>
  <projections camera_id="73" path="p73.ply" count="969"/>
  <projections camera_id="74" path="p74.ply" count="4551"/>
  <projections camera_id="75" path="p75.ply" count="4011"/>
  <projections camera_id="76" path="p76.ply" count="1117"/>
  <projections camera_id="77" path="p77.ply" count="3334"/>
  <projections camera_id="78" path="p78.ply" count="2669"/>
  <projections camera_id="79" path="p79.ply" count="2518"/>
  <projections camera_id="80" path="p80.ply" count="4067"/>
  <projections camera_id="81" path="p81.ply" count="2264"/>
  <projections camera_id="82" path="p82.ply" count="2487"/>
  <projections camera_id="83" path="p83.ply" count="3586"/>
  <projections camera_id="84" path="p84.ply" count="4001"/>
  <projections camera_id="85" path="p85.ply" count="1016"/>
  <projections camera_id="86" path="p86.ply" count="3997"/>
  <projections camera_id="87" path="p87.ply" count="561"/>
  <projections camera_id="88" path="p88.ply" count="2053"/>
  <projections camera_id="89" path="p89.ply" count="2791"/>
  <projections camera_id="90" path="p90.ply" count="1811"/>
  <projections camera_id="91" path="p91.ply" count="1014"/>
  <projections camera_id="92" path="p92.ply" count="733"/>
  <projections camera_id="93" path="p93.ply" count="1187"/>
  <projections camera_id="94" path="p94.ply" count="609"/>
  <projections camera_id="95" path="p95.ply" count="1872"/>
  <projections camera_id="96" path="p96.ply" count="120"/>
  <projections camera_id="98" path="p98.ply" count="528"/>
  <projections camera_id="99" path="p99.ply" count="768"/>
  <projections camera_id="100" path="p100.ply" count="1402"/>
  <projections camera_id="101" path="p101.ply" count="1019"/>
  <projections camera_id="102" path="p102.ply" count="983"/>
  <projections camera_id="103" path="p103.ply" count="1335"/>
  <projections camera_id="104" path="p104.ply" count="2734"/>
  <projections camera_id="105" path="p105.ply" count="3292"/>
  <projections camera_id="106" path="p106.ply" count="1882"/>
  <projections camera_id="107" path="p107.ply" count="1925"/>
  <projections camera_id="108" path="p108.ply" count="805"/>
  <projections camera_id="109" path="p109.ply" count="4056"/>
  <projections camera_id="110" path="p110.ply" count="4165"/>
  <projections camera_id="111" path="p111.ply" count="3968"/>
  <projections camera_id="112" path="p112.ply" count="4209"/>
  <projections camera_id="113" path="p113.ply" count="4005"/>
  <projections camera_id="114" path="p114.ply" count="4058"/>
  <projections camera_id="115" path="p115.ply" count="3987"/>
  <projections camera_id="116" path="p116.ply" count="3666"/>
  <projections camera_id="117" path="p117.ply" count="727"/>
  <projections camera_id="118" path="p118.ply" count="851"/>
  <projections camera_id="120" path="p120.ply" count="631"/>
  <projections camera_id="121" path="p121.ply" count="67"/>
  <projections camera_id="122" path="p122.ply" count="91"/>
  <projections camera_id="123" path="p123.ply" count="86"/>
  <meta>
    <property name="match/duration" value="1300.60156"/>
    <property name="match/match_downscale" value="1"/>
    <property name="match/match_filter_mask" value="true"/>
    <property name="match/match_point_limit" value="40000"/>
    <property name="match/match_select_pairs" value="1"/>
    <property name="match/match_tiepoint_limit" value="4000"/>
  </meta>
</point_cloud>
