<?xml version="1.0" encoding="UTF-8"?>
<depth_maps version="1.2.0">
  <depth_map camera_id="0" path="d0.exr">
    <calibration type="frame">
      <resolution width="1160" height="652"/>
      <fx>1.0116617080938612e+03</fx>
      <fy>1.0116617080938612e+03</fy>
      <cx>6.0604618681760360e+02</cx>
      <cy>3.1944941297341626e+02</cy>
    </calibration>
  </depth_map>
  <depth_map camera_id="1" path="d1.exr">
    <calibration type="frame">
      <resolution width="1160" height="652"/>
      <fx>1.0116617080938612e+03</fx>
      <fy>1.0116617080938612e+03</fy>
      <cx>6.0604618681760360e+02</cx>
      <cy>3.1944941297341626e+02</cy>
    </calibration>
  </depth_map>
  <depth_map camera_id="2" path="d2.exr">
    <calibration type="frame">
      <resolution width="1160" height="652"/>
      <fx>1.0116617080938612e+03</fx>
      <fy>1.0116617080938612e+03</fy>
      <cx>6.0604618681760360e+02</cx>
      <cy>3.1944941297341626e+02</cy>
    </calibration>
  </depth_map>
  <depth_map camera_id="3" path="d3.exr">
    <calibration type="frame">
      <resolution width="1160" height="652"/>
      <fx>1.0116617080938612e+03</fx>
      <fy>1.0116617080938612e+03</fy>
      <cx>6.0604618681760360e+02</cx>
      <cy>3.1944941297341626e+02</cy>
    </calibration>
  </depth_map>
  <depth_map camera_id="4" path="d4.exr">
    <calibration type="frame">
      <resolution width="1160" height="652"/>
      <fx>1.0116617080938612e+03</fx>
      <fy>1.0116617080938612e+03</fy>
      <cx>6.0604618681760360e+02</cx>
      <cy>3.1944941297341626e+02</cy>
    </calibration>
  </depth_map>
  <depth_map camera_id="5" path="d5.exr">
    <calibration type="frame">
      <resolution width="1160" height="652"/>
      <fx>1.0116617080938612e+03</fx>
      <fy>1.0116617080938612e+03</fy>
      <cx>6.0604618681760360e+02</cx>
      <cy>3.1944941297341626e+02</cy>
    </calibration>
  </depth_map>
  <depth_map camera_id="6" path="d6.exr">
    <calibration type="frame">
      <resolution width="1160" height="652"/>
      <fx>1.0116617080938612e+03</fx>
      <fy>1.0116617080938612e+03</fy>
      <cx>6.0604618681760360e+02</cx>
      <cy>3.1944941297341626e+02</cy>
    </calibration>
  </depth_map>
  <depth_map camera_id="8" path="d8.exr">
    <calibration type="frame">
      <resolution width="1160" height="652"/>
      <fx>1.0116617080938612e+03</fx>
      <fy>1.0116617080938612e+03</fy>
      <cx>6.0604618681760360e+02</cx>
      <cy>3.1944941297341626e+02</cy>
    </calibration>
  </depth_map>
  <depth_map camera_id="9" path="d9.exr">
    <calibration type="frame">
      <resolution width="1160" height="652"/>
      <fx>1.0116617080938612e+03</fx>
      <fy>1.0116617080938612e+03</fy>
      <cx>6.0604618681760360e+02</cx>
      <cy>3.1944941297341626e+02</cy>
    </calibration>
  </depth_map>
  <depth_map camera_id="10" path="d10.exr">
    <calibration type="frame">
      <resolution width="1160" height="652"/>
      <fx>1.0116617080938612e+03</fx>
      <fy>1.0116617080938612e+03</fy>
      <cx>6.0604618681760360e+02</cx>
      <cy>3.1944941297341626e+02</cy>
    </calibration>
  </depth_map>
  <depth_map camera_id="11" path="d11.exr">
    <calibration type="frame">
      <resolution width="1160" height="652"/>
      <fx>1.0116617080938612e+03</fx>
      <fy>1.0116617080938612e+03</fy>
      <cx>6.0604618681760360e+02</cx>
      <cy>3.1944941297341626e+02</cy>
    </calibration>
  </depth_map>
  <depth_map camera_id="12" path="d12.exr">
    <calibration type="frame">
      <resolution width="1160" height="652"/>
      <fx>1.0116617080938612e+03</fx>
      <fy>1.0116617080938612e+03</fy>
      <cx>6.0604618681760360e+02</cx>
      <cy>3.1944941297341626e+02</cy>
    </calibration>
  </depth_map>
  <depth_map camera_id="13" path="d13.exr">
    <calibration type="frame">
      <resolution width="1160" height="652"/>
      <fx>1.0116617080938612e+03</fx>
      <fy>1.0116617080938612e+03</fy>
      <cx>6.0604618681760360e+02</cx>
      <cy>3.1944941297341626e+02</cy>
    </calibration>
  </depth_map>
  <depth_map camera_id="14" path="d14.exr">
    <calibration type="frame">
      <resolution width="1160" height="652"/>
      <fx>1.0116617080938612e+03</fx>
      <fy>1.0116617080938612e+03</fy>
      <cx>6.0604618681760360e+02</cx>
      <cy>3.1944941297341626e+02</cy>
    </calibration>
  </depth_map>
</depth_maps>
